X,Y,NAME,ADDRESS,LINE,TRAININFO_URL,WEB_URL,GIS_ID,MAR_ID,GLOBALID,OBJECTID,CREATOR,CREATED,EDITOR,EDITED,SE_ANNO_CAD_DATA
-77.1646296769645,39.1199351503111,Shady Grove,"15903 SOMERVILLE DRIVE, DERWOOD, MD",red,https://www.wmata.com/js/nexttrain/nexttrain.html#A15|Shady%20Grove,https://www.wmata.com/rider-guide/stations/shady-grove.cfm,MetroStnFullPt_1,,{62CAD9F2-24D7-46A9-80FE-9AF4B569A2F2},321,JLAY,2022/09/19 16:18:27+00,JLAY,2022/09/19 16:18:27+00,
-77.1461276738984,39.0843294264428,Rockville,"251 HUNGERFORD DRIVE, ROCKVILLE, MD",red,https://www.wmata.com/js/nexttrain/nexttrain.html#A14|Rockville,https://www.wmata.com/rider-guide/stations/rockville.cfm,MetroStnFullPt_2,,{5BDBC0BD-62E5-4FC2-960C-28A93DD18DA1},322,JLAY,2022/09/19 16:18:27+00,JLAY,2022/09/19 16:18:27+00,
-77.1208202771458,39.0624754671516,Twinbrook,"1600 CHAPMAN AVENUE, ROCKVILLE, MD",red,https://www.wmata.com/js/nexttrain/nexttrain.html#A13|Twinbrook,https://www.wmata.com/rider-guide/stations/twinbrook.cfm,MetroStnFullPt_3,,{1DCBC76B-8574-436F-B05D-7F4F44590470},323,JLAY,2022/09/19 16:18:27+00,JLAY,2022/09/19 16:18:27+00,
-77.1128321810407,39.0481591702013,North Bethesda,"5500 MARINELLI ROAD, ROCKVILLE, MD",red,https://www.wmata.com/js/nexttrain/nexttrain.html#A12|White%20Flint,https://www.wmata.com/rider-guide/stations/north-bethesda.cfm,MetroStnFullPt_4,,{086EC50D-CCCC-4193-8DC3-FC105FD10825},324,JLAY,2022/09/19 16:18:27+00,JLAY,2022/09/19 16:18:27+00,
-77.1038520380558,39.0292767594452,Grosvenor-Strathmore,"10300 ROCKVILLE PIKE, BETHESDA, MD",red,https://www.wmata.com/js/nexttrain/nexttrain.html#A11|Grosvenor-Strathmore,https://www.wmata.com/rider-guide/stations/grosvenor.cfm,MetroStnFullPt_5,,{684D98CE-6671-4CBD-BC41-6630DC199F5A},325,JLAY,2022/09/19 16:18:27+00,JLAY,2022/09/19 16:18:27+00,
-77.0969546046393,39.0000642881526,Medical Center,"8810 ROCKVILLE PIKE, BETHESDA, MD",red,https://www.wmata.com/js/nexttrain/nexttrain.html#A10|Medical Center,https://www.wmata.com/rider-guide/stations/medical-center.cfm,MetroStnFullPt_6,,{57CB5E09-20C9-4E3F-9D0F-D666286AC121},326,JLAY,2022/09/19 16:18:27+00,JLAY,2022/09/19 16:18:27+00,
-77.0941315044796,38.9844014611561,Bethesda,"7450 WISCONSIN AVENUE, BETHESDA, MD",red,https://www.wmata.com/js/nexttrain/nexttrain.html#A09|Bethesda,https://www.wmata.com/rider-guide/stations/bethesda.cfm,MetroStnFullPt_7,,{8AE0D95A-991A-4E45-AA6F-1C06E3DFDBE5},327,JLAY,2022/09/19 16:18:27+00,JLAY,2022/09/19 16:18:27+00,
-77.0502800325331,38.900705794771,Foggy Bottom GWU,"890 23RD STREET NW, WASHINGTON, DC","blue, orange, silver",https://www.wmata.com/js/nexttrain/nexttrain.html#C04|Foggy Bottom-GWU,https://www.wmata.com/rider-guide/stations/foggy-bottom.cfm,MetroStnFullPt_8,316428,{D7416094-AA15-4B92-AFA0-8FBB69D08728},328,JLAY,2022/09/19 16:18:27+00,JLAY,2022/09/19 16:18:27+00,
-77.087133535354,38.8901833132666,Court House,"2100 WILSON BLVD, ARLINGTON, VA","orange, silver",https://www.wmata.com/js/nexttrain/nexttrain.html#K01|Court House,https://www.wmata.com/rider-guide/stations/court-house.cfm,MetroStnFullPt_9,,{38B875A8-9324-4470-A923-B0671AECFAED},329,JLAY,2022/09/19 16:18:27+00,JLAY,2022/09/19 16:18:27+00,
-77.0953964050181,38.8867126201147,Clarendon,"3100 WILSON BLVD, ARLINGTON, VA","orange, silver",https://www.wmata.com/js/nexttrain/nexttrain.html#K02|Clarendon,https://www.wmata.com/rider-guide/stations/clarendon.cfm,MetroStnFullPt_10,,{4B096E2D-1F6A-4ABA-BD96-50DA8ED8729B},330,JLAY,2022/09/19 16:18:27+00,JLAY,2022/09/19 16:18:27+00,
-77.1568853457423,38.8859609449643,East Falls Church,"2001 N. SYCAMORE ST., ARLINGTON, VA","orange, silver",https://www.wmata.com/js/nexttrain/nexttrain.html#K05|East Falls Church,https://www.wmata.com/rider-guide/stations/e-falls-church.cfm,MetroStnFullPt_11,,{D9117B0A-203B-4014-8520-BA1DA745B0C2},331,JLAY,2022/09/19 16:18:27+00,JLAY,2022/09/19 16:18:27+00,
-77.1029796030295,38.8833739318872,Virginia Square-GMU,"3600 FAIRFAX DRIVE, ARLINGTON, VA","orange, silver",https://www.wmata.com/js/nexttrain/nexttrain.html#K03|Virginia%20Square-GMU,https://www.wmata.com/rider-guide/stations/virginia-sq.cfm,MetroStnFullPt_12,,{9F191727-F128-4E73-A58E-09901A1D0DC8},332,JLAY,2022/09/19 16:18:27+00,JLAY,2022/09/19 16:18:27+00,
-77.1131711469735,38.8821906532756,Ballston-MU,"4230 FAIRFAX DRIVE, ARLINGTON, VA","orange, silver",https://www.wmata.com/js/nexttrain/nexttrain.html#K04|Ballston-MU,https://www.wmata.com/rider-guide/stations/ballston.cfm,MetroStnFullPt_13,,{55EA87EF-0E31-4627-AB03-90669B05FDFF},333,JLAY,2022/09/19 16:18:27+00,JLAY,2022/09/19 16:18:27+00,
-77.0406977056811,38.9013206802049,Farragut West,"841 17TH STREET NW, WASHINGTON, DC","blue, orange, silver",https://www.wmata.com/js/nexttrain/nexttrain.html#C03|Farragut West,https://www.wmata.com/rider-guide/stations/farragut-west.cfm,MetroStnFullPt_14,316429,{D2A918F7-5163-406F-8FE0-45E7F1662962},334,JLAY,2022/09/19 16:18:27+00,JLAY,2022/09/19 16:18:27+00,
-77.0397031175789,38.9032097327115,Farragut North,"1720 L STREET NW, WASHINGTON, DC",red,https://www.wmata.com/js/nexttrain/nexttrain.html#A02|Farragut North,https://www.wmata.com/rider-guide/stations/farragut-north.cfm,MetroStnFullPt_15,310416,{870F0661-852E-468F-95C1-9F3CD5C2C006},335,JLAY,2022/09/19 16:18:27+00,JLAY,2022/09/19 16:18:27+00,
-77.0524203164271,38.9250929274801,Woodley Park-Zoo Adams Morgan,"2622 CONNECTICUT AVENUE NW, WASHINGTON, DC",red,https://www.wmata.com/js/nexttrain/nexttrain.html#A04|Woodley%20Park-Zoo/Adams%20Morgan,https://www.wmata.com/rider-guide/stations/woodley-park.cfm,MetroStnFullPt_16,316421,{0DADD484-818D-48D0-AF6B-AE4BB72DAC12},336,JLAY,2022/09/19 16:18:27+00,JLAY,2022/09/19 16:18:27+00,
-77.0219107677673,38.8848455113141,L'Enfant Plaza,"600 MARYLAND AVENUE SW, WASHINGTON, DC","grn, yllw, orange, blue, slvr","https://www.wmata.com/js/nexttrain/nexttrain.html#F03,D03|L'Enfant Plaza",https://www.wmata.com/rider-guide/stations/lenfant-plaza.cfm,MetroStnFullPt_17,316347,{02494063-F6D7-4CCA-AA04-29BBE2069EE8},337,JLAY,2022/09/19 16:18:27+00,JLAY,2022/09/19 16:18:27+00,
-77.0280685200691,38.888026485866,Smithsonian,"1201 JEFFERSON DRIVE SW, WASHINGTON, DC","blue, orange, silver",https://www.wmata.com/js/nexttrain/nexttrain.html#D02|Smithsonian,https://www.wmata.com/rider-guide/stations/smithsonian.cfm,MetroStnFullPt_18,310412,{5EC41844-D50F-4C17-B333-C44510AFB732},338,JLAY,2022/09/19 16:18:27+00,JLAY,2022/09/19 16:18:27+00,
-77.0219166722109,38.8936730087045,Archives-Navy Mem'l,"300 7TH STREET NW, WASHINGTON, DC","green, yellow",https://www.wmata.com/js/nexttrain/nexttrain.html#F02|Archives-Navy Memorial-Penn Quarter,https://www.wmata.com/rider-guide/stations/archives.cfm,MetroStnFullPt_19,316356,{A4B465A8-248A-4F7C-B218-FFD779A96CA7},339,JLAY,2022/09/19 16:18:27+00,JLAY,2022/09/19 16:18:27+00,
-77.0175074905943,38.8764696487723,Waterfront,"399 M STREET SW, WASHINGTON, DC",green,https://www.wmata.com/js/nexttrain/nexttrain.html#F04|Waterfront,https://www.wmata.com/rider-guide/stations/waterfront.cfm,MetroStnFullPt_20,294877,{15AB130B-157B-41EC-AD8E-1C1DAD07CD40},340,JLAY,2022/09/19 16:18:27+00,JLAY,2022/09/19 16:18:27+00,
-77.0440445830322,38.8534241622286,Ronald Reagan Washington National Airport,"2400 S. SMITH BLVD., ARLINGTON, VA","blue, yellow",https://www.wmata.com/js/nexttrain/nexttrain.html#C10|Ronald%20Reagan%20Washington%20National%20Airport,https://www.wmata.com/rider-guide/stations/national-airport.cfm,MetroStnFullPt_21,,{A2721734-35B1-4FBC-935B-42F6AC7A0B4B},341,JLAY,2022/09/19 16:18:27+00,JLAY,2022/09/19 16:18:27+00,
-77.1291138355294,38.7993154341623,Van Dorn Street,"5690 EISENHOWER AVENUE, ALEXANDRIA, VA","blue, yellow",https://www.wmata.com/js/nexttrain/nexttrain.html#J02|Van%20Dorn%20Street,https://www.wmata.com/rider-guide/stations/van-dorn-st.cfm,MetroStnFullPt_22,,{6071E6FE-F11B-4BBA-A502-FB364E1188B1},342,JLAY,2022/09/19 16:18:27+00,JLAY,2022/09/19 16:18:27+00,
-77.1679725023397,38.7665296467617,Franconia-Springfield,"6880 FRONTIER DRIVE, SPRINGFIELD, VA","blue, yellow",https://www.wmata.com/js/nexttrain/nexttrain.html#J03|Franconia-Springfield,https://www.wmata.com/rider-guide/stations/franconia-sprngfld.cfm,MetroStnFullPt_23,,{47DDAA3E-8B1B-4F15-8947-2CA4144CCD40},343,JLAY,2022/09/19 16:18:27+00,JLAY,2022/09/19 16:18:27+00,
-77.0158704987507,38.8850801388191,Federal Center SW,"401 3RD STREET SW, WASHINGTON, DC","blue, orange, silver",https://www.wmata.com/js/nexttrain/nexttrain.html#D04|Federal Center SW,https://www.wmata.com/rider-guide/stations/federal-ctr-sw.cfm,MetroStnFullPt_24,300374,{EE5A9487-E0D7-4646-AD94-F0ABD88A42C2},344,JLAY,2022/09/19 16:18:27+00,JLAY,2022/09/19 16:18:27+00,
-77.0166412393428,38.8960981035311,Judiciary Sq,"435 4TH STREET NW, WASHINGTON, DC",red,https://www.wmata.com/js/nexttrain/nexttrain.html#B02|Judiciary Square,https://www.wmata.com/rider-guide/stations/judiciary-sq.cfm,MetroStnFullPt_25,310427,{ECE56355-D64B-4518-BD0C-DE7F7B45A598},345,JLAY,2022/09/19 16:18:27+00,JLAY,2022/09/19 16:18:27+00,
-77.0051416983916,38.8850702849965,Capitol South,"355 1ST STREET SE, WASHINGTON, DC","blue, orange, silver",https://www.wmata.com/js/nexttrain/nexttrain.html#D05|Capitol South,https://www.wmata.com/rider-guide/stations/capitol-south.cfm,MetroStnFullPt_26,294860,{E042190C-8A26-4586-9906-95271B43911A},346,JLAY,2022/09/19 16:18:27+00,JLAY,2022/09/19 16:18:27+00,
-77.0280802835952,38.8983222591037,Metro Center,"607 13TH STREET NW, WASHINGTON, DC","red, blue, orange, silver","https://www.wmata.com/js/nexttrain/nexttrain.html#A01,C01|Metro Center",https://www.wmata.com/rider-guide/stations/metro-center.cfm,MetroStnFullPt_27,294812,{993D0E1D-C12D-4465-BC1A-1F43421B4C7D},347,JLAY,2022/09/19 16:18:27+00,JLAY,2022/09/19 16:18:27+00,
-77.0219176749195,38.8983245959171,Gallery Pl-Chinatown,"625 9TH STREET NW, WASHINGTON, DC","red, green, yellow","https://www.wmata.com/js/nexttrain/nexttrain.html#B01,F01|Gallery Pl-Chinatown",https://www.wmata.com/rider-guide/stations/gallery-place.cfm,MetroStnFullPt_28,310428,{8F31DCD4-C826-449D-8A49-98E13123700E},348,JLAY,2022/09/19 16:18:27+00,JLAY,2022/09/19 16:18:27+00,
-77.0219166653772,38.9064446027096,Mt Vernon Sq - 7th St Convention Center,"700 M STREET NW, WASHINGTON, DC","green, yellow",https://www.wmata.com/js/nexttrain/nexttrain.html#E01|Mt Vernon Sq 7th St-Convention Center,https://www.wmata.com/rider-guide/stations/mt-vernon-sq.cfm,MetroStnFullPt_29,294834,{918507A1-3A24-481B-B79F-5C157D6E05D0},349,JLAY,2022/09/19 16:18:27+00,JLAY,2022/09/19 16:18:27+00,
-77.0274981803226,38.9170101889241,U St/African-Amer Civil War Memorial/Cardozo,"1260 U STREET NW, WASHINGTON, DC","green, yellow",https://www.wmata.com/js/nexttrain/nexttrain.html#E03|U%20Street/African-Amer%20Civil%20War%20Memorial/Cardozo,https://www.wmata.com/rider-guide/stations/u-street.cfm,MetroStnFullPt_30,316436,{97CB320E-516B-4F91-9F56-0EBF46423A07},350,JLAY,2022/09/19 16:18:27+00,JLAY,2022/09/19 16:18:27+00,
-77.0074165721463,38.8977738257845,Union Station,"605 1ST STREET NE, WASHINGTON, DC",red,https://www.wmata.com/js/nexttrain/nexttrain.html#B03|Union%20Station,https://www.wmata.com/rider-guide/stations/union-station.cfm,MetroStnFullPt_31,316417,{2F455325-0A39-47C4-B0FA-CECF0F7BAE1B},351,JLAY,2022/09/19 16:18:27+00,JLAY,2022/09/19 16:18:27+00,
-76.988514203498,38.8456654796109,Congress Heights,"1300 ALABAMA AVENUE SE, WASHINGTON, DC",green,https://www.wmata.com/js/nexttrain/nexttrain.html#F07|Congress Heights,https://www.wmata.com/rider-guide/stations/congress-hghts.cfm,MetroStnFullPt_32,316358,{7F31F483-8D97-416F-91EB-6443D1BE1E7D},352,JLAY,2022/09/19 16:18:27+00,JLAY,2022/09/19 16:18:27+00,
-76.9562649706452,38.8513091626592,Naylor Road,"3101 BRANCH AVENUE, TEMPLE HILLS, MD",green,https://www.wmata.com/js/nexttrain/nexttrain.html#F09|Naylor Road,https://www.wmata.com/rider-guide/stations/naylor-rd.cfm,MetroStnFullPt_33,,{A1ADD1A9-F304-4656-A921-BFC4F6093EF9},353,JLAY,2022/09/19 16:18:27+00,JLAY,2022/09/19 16:18:27+00,
-76.9318724121039,38.8439723329118,Suitland,"4500 SILVER HILL ROAD, SUITLAND, MD",green,https://www.wmata.com/js/nexttrain/nexttrain.html#F10|Suitland,https://www.wmata.com/rider-guide/stations/suitland.cfm,MetroStnFullPt_34,,{3D74E2F9-AF28-4DDB-B6B9-6933A4ABA338},354,JLAY,2022/09/19 16:18:27+00,JLAY,2022/09/19 16:18:27+00,
-76.9114664634741,38.8264541240316,Branch Ave,"4704 OLD SOPER ROAD, SUITLAND, MD",green,https://www.wmata.com/js/nexttrain/nexttrain.html#F11|Branch Ave,https://www.wmata.com/rider-guide/stations/branch-ave.cfm,MetroStnFullPt_35,,{96FDFFC0-B05A-4E28-8E54-8411337638E7},355,JLAY,2022/09/19 16:18:27+00,JLAY,2022/09/19 16:18:27+00,
-77.0536698633194,38.8141514352384,Braddock Road,"700 N. WEST ST., ALEXANDRIA, VA","blue, yellow",https://www.wmata.com/js/nexttrain/nexttrain.html#C12|Braddock Road,https://www.wmata.com/rider-guide/stations/braddock-rd.cfm,MetroStnFullPt_36,,{04013404-D928-46B6-A0AC-8EA76007F007},356,JLAY,2022/09/19 16:18:27+00,JLAY,2022/09/19 16:18:27+00,
-77.0608134995665,38.8065938834049,King St - Old Town,"1900 KING STREET, ALEXANDRIA, VA","blue, yellow",https://www.wmata.com/js/nexttrain/nexttrain.html#C13|King St-Old Town,https://www.wmata.com/rider-guide/stations/king-street.cfm,MetroStnFullPt_37,,{F54D31A8-00A6-4CFA-80ED-C10D7A2A7CF8},357,JLAY,2022/09/19 16:18:27+00,JLAY,2022/09/19 16:18:27+00,
-77.0708766830918,38.8004332142391,Eisenhower Ave,"2400 EISENHOWER AVENUE, ALEXANDRIA, VA",yellow,https://www.wmata.com/js/nexttrain/nexttrain.html#C14|Eisenhower Avenue,https://www.wmata.com/rider-guide/stations/eisenhower-ave.cfm,MetroStnFullPt_38,,{A123B47D-630D-4101-B60C-CDEC3640B94D},358,JLAY,2022/09/19 16:18:27+00,JLAY,2022/09/19 16:18:27+00,
-77.0752080838784,38.7939236159681,Huntington,"2701 HUNTINGTON AVENUE, ALEXANDRIA, VA",yellow,https://www.wmata.com/js/nexttrain/nexttrain.html#C15|Huntington,https://www.wmata.com/rider-guide/stations/huntington.cfm,MetroStnFullPt_39,,{76BA0871-AA19-4E61-9BE0-8C32540D389F},359,JLAY,2022/09/19 16:18:27+00,JLAY,2022/09/19 16:18:27+00,
-76.9953730128321,38.8629708967766,Anacostia,"1101 HOWARD ROAD SE, WASHINGTON, DC",green,https://www.wmata.com/js/nexttrain/nexttrain.html#F06|Anacostia,https://www.wmata.com/rider-guide/stations/anacostia.cfm,MetroStnFullPt_40,294866,{23A0086C-98C6-45FF-9529-A25578BECFAC},360,JLAY,2022/09/19 16:18:27+00,JLAY,2022/09/19 16:18:27+00,
-76.9960034023081,38.8846300451652,Eastern Market,"725 PENNSYLVANIA AVENUE SE, WASHINGTON, DC","blue, orange, silver",https://www.wmata.com/js/nexttrain/nexttrain.html#D06|Eastern Market,https://www.wmata.com/rider-guide/stations/eastern-market.cfm,MetroStnFullPt_41,316432,{461F977A-EE09-424F-A171-E32063F5817B},361,JLAY,2022/09/19 16:18:27+00,JLAY,2022/09/19 16:18:27+00,
-76.9854975917707,38.8812710576686,Potomac Ave,"1400 POTOMAC AVENUE SE, WASHINGTON, DC","blue, orange, silver",https://www.wmata.com/js/nexttrain/nexttrain.html#D07|Potomac Ave,https://www.wmata.com/rider-guide/stations/potomac-ave.cfm,MetroStnFullPt_42,316349,{CEF98751-F9E7-4762-8500-15418A6488FF},362,JLAY,2022/09/19 16:18:27+00,JLAY,2022/09/19 16:18:27+00,
-76.9770911712712,38.8867168752895,Stadium Armory,"290 19TH STREET SE, WASHINGTON, DC","blue, orange, silver",https://www.wmata.com/js/nexttrain/nexttrain.html#D08|Stadium-Armory,https://www.wmata.com/rider-guide/stations/stadium-armory.cfm,MetroStnFullPt_43,316351,{4E47C1E6-02C5-48A5-BE53-A9229CC49444},363,JLAY,2022/09/19 16:18:27+00,JLAY,2022/09/19 16:18:27+00,
-76.9959391944564,38.9210674808595,Rhode Island Ave,"801 RHODE ISLAND AVENUE NE, WASHINGTON, DC",red,https://www.wmata.com/js/nexttrain/nexttrain.html#B04|Rhode%20Island%20Ave-Brentwood,https://www.wmata.com/rider-guide/stations/rhode-island-ave.cfm,MetroStnFullPt_44,316413,{B0E99A94-2671-4A83-9408-AA14150A9512},364,JLAY,2022/09/19 16:18:27+00,JLAY,2022/09/19 16:18:27+00,
-76.9467499947779,38.8991990121813,Minnesota Ave,"4120 MINNESOTA AVENUE NE, WASHINGTON, DC",orange,https://www.wmata.com/js/nexttrain/nexttrain.html#D09|Minnesota Ave,https://www.wmata.com/rider-guide/stations/minnesota-ave.cfm,MetroStnFullPt_45,316352,{73A2019B-6A30-445E-9910-330E84F1B22E},365,JLAY,2022/09/19 16:18:27+00,JLAY,2022/09/19 16:18:27+00,
-77.0629884805507,38.9432730819699,Van Ness-UDC,"4230 CONNECTICUT AVENUE NW, WASHINGTON, DC",red,https://www.wmata.com/js/nexttrain/nexttrain.html#A06|Van%20Ness-UDC,https://www.wmata.com/rider-guide/stations/van-ness.cfm,MetroStnFullPt_46,316424,{7B646C8F-9F60-4AEA-98F1-18D3E497EC43},366,JLAY,2022/09/19 16:18:27+00,JLAY,2022/09/19 16:18:27+00,
-77.0580448171052,38.9347706829249,Cleveland Park,"3514 CONNECTICUT AVENUE NW, WASHINGTON, DC",red,https://www.wmata.com/js/nexttrain/nexttrain.html#A05|Cleveland Park,https://www.wmata.com/rider-guide/stations/cleveland-park.cfm,MetroStnFullPt_47,277555,{4B4902E7-99C8-4F3A-A763-E5AF1BBD3589},367,JLAY,2022/09/19 16:18:27+00,JLAY,2022/09/19 16:18:27+00,
-77.0325544073219,38.9278457591984,Columbia Heights,"3030 14TH STREET NW, WASHINGTON, DC","green, yellow",https://www.wmata.com/js/nexttrain/nexttrain.html#E04|Columbia Heights,https://www.wmata.com/rider-guide/stations/columbia-hghts.cfm,MetroStnFullPt_48,294815,{8AF08D02-304E-41FF-9C61-07FC10778F05},368,JLAY,2022/09/19 16:18:27+00,JLAY,2022/09/19 16:18:27+00,
-77.2415603517124,38.9289596276567,Spring Hill,"1576 SPRING HILL ROAD VIENNA, VA 22182",silver,https://www.wmata.com/js/nexttrain/nexttrain.html#N04|Spring%20Hill,https://www.wmata.com/rider-guide/stations/spring-hill.cfm,MetroStnFullPt_49,,{2AF0ADB2-4343-41F8-94F3-382B8F4F52FD},369,JLAY,2022/09/19 16:18:27+00,JLAY,2022/09/19 16:18:27+00,
-77.233880199548,38.9209631790513,Greensboro,"8305 LEESBURG PIKE VIENNA, VA 22182",silver,https://www.wmata.com/js/nexttrain/nexttrain.html#N03|Greensboro,https://www.wmata.com/rider-guide/stations/greensboro.cfm,MetroStnFullPt_50,,{4C628A11-4D06-4CDF-AA62-D78443C18656},370,JLAY,2022/09/19 16:18:27+00,JLAY,2022/09/19 16:18:27+00,
-77.2217180330483,38.9206820540508,Tysons,"1943 CHAIN BRIDGE ROAD MCLEAN, VA 22102",silver,https://www.wmata.com/js/nexttrain/nexttrain.html#N02|Tysons%20Corner,https://www.wmata.com/rider-guide/stations/tysons.cfm,MetroStnFullPt_51,,{1EF88247-08BA-4730-9FF0-32AF302FF769},371,JLAY,2022/09/19 16:18:27+00,JLAY,2022/09/19 16:18:27+00,
-77.2100812932053,38.9245295516699,McLean,"1824 DOLLEY MADISON BOULIVARD MCLEAN, VA 22102",silver,https://www.wmata.com/js/nexttrain/nexttrain.html#N01|McLean,https://www.wmata.com/rider-guide/stations/mclean.cfm,MetroStnFullPt_52,,{6277291A-ED2C-49D6-BC2A-0B5782E60A0F},372,JLAY,2022/09/19 16:18:27+00,JLAY,2022/09/19 16:18:27+00,
-77.3400622192864,38.9477406642851,Wiehle-Reston East,"1862 WIEHLE AVENUE RESTON, VA 20190",silver,https://www.wmata.com/js/nexttrain/nexttrain.html#N06|Wiehle-Reston%20East,https://www.wmata.com/rider-guide/stations/wiehle-reston.cfm,MetroStnFullPt_53,,{E84C9485-B088-4883-B655-D60F0E6DC586},373,JLAY,2022/09/19 16:18:27+00,JLAY,2022/09/19 16:18:27+00,
-76.9281272420476,38.9786414397642,College Park-U of Md,"4931 CALVERT ROAD, COLLEGE PARK, MD","green, yellow",https://www.wmata.com/js/nexttrain/nexttrain.html#E09|College Park-U of MD,https://www.wmata.com/rider-guide/stations/college-park.cfm,MetroStnFullPt_54,,{6098B50C-BDED-4CE9-B4C6-2859397DE510},374,JLAY,2022/09/19 16:18:27+00,JLAY,2022/09/19 16:18:27+00,
-76.911810364184,38.889473645299,Capitol Heights,"133 CENTRAL AVENUE, CAPITOL HEIGHTS, MD","blue, orange, silver",https://www.wmata.com/js/nexttrain/nexttrain.html#G02|Capitol Heights,https://www.wmata.com/rider-guide/stations/capitol-hghts.cfm,MetroStnFullPt_55,,{4FDA06EA-D870-4773-B2E9-26F30736FF02},375,JLAY,2022/09/19 16:18:27+00,JLAY,2022/09/19 16:18:27+00,
-76.8680770044389,38.8938427191441,Morgan Boulevard,"300 GARRETT MORGAN BLVD., LANDOVER, MD","blue, orange, silver",https://www.wmata.com/js/nexttrain/nexttrain.html#G04|Morgan Boulevard,https://www.wmata.com/rider-guide/stations/morgan-blvd.cfm,MetroStnFullPt_56,,{A2937176-211C-4B3F-8E4D-213823483BBA},376,JLAY,2022/09/19 16:18:27+00,JLAY,2022/09/19 16:18:27+00,
-77.0234631914466,38.9374424240925,Georgia Ave Petworth,"3750 GEORGIA AVENUE NW, WASHINGTON, DC","green, yellow",https://www.wmata.com/js/nexttrain/nexttrain.html#E05|Georgia Ave-Petworth,https://www.wmata.com/rider-guide/stations/georgia-ave.cfm,MetroStnFullPt_57,316437,{AE4109AE-FB58-43F8-9730-3E2007F9D8C9},377,JLAY,2022/09/19 16:18:27+00,JLAY,2022/09/19 16:18:27+00,
-77.0181789867943,38.9760863329941,Takoma,"327 CEDAR STREET NW, WASHINGTON, DC",red,https://www.wmata.com/js/nexttrain/nexttrain.html#B07|Takoma,https://www.wmata.com/rider-guide/stations/takoma.cfm,MetroStnFullPt_58,294822,{D1980E8D-7C09-470D-8FBD-424111625913},378,JLAY,2022/09/19 16:18:27+00,JLAY,2022/09/19 16:18:27+00,
-77.0535596637348,39.061791583367,Glenmont,"12501 GEORGIA AVENUE, SILVER SPRING, MD",red,https://www.wmata.com/js/nexttrain/nexttrain.html#B11|Glenmont,https://www.wmata.com/rider-guide/stations/glenmont.cfm,MetroStnFullPt_59,,{32143231-DB2A-4D84-A426-9F685D6A1666},379,JLAY,2022/09/19 16:18:27+00,JLAY,2022/09/19 16:18:27+00,
-77.0501093553323,39.037534956767,Wheaton,"11171 GEORGIA AVENUE, SILVER SPRING, MD",red,https://www.wmata.com/js/nexttrain/nexttrain.html#B10|Wheaton,https://www.wmata.com/rider-guide/stations/wheaton.cfm,MetroStnFullPt_60,,{61BC61D3-54BB-4CA8-A8A4-3639E00F3656},380,JLAY,2022/09/19 16:18:27+00,JLAY,2022/09/19 16:18:27+00,
-77.0429188530732,39.0149620841024,Forest Glen,"9730 GEORGIA AVENUE, FOREST GLEN, MD",red,https://www.wmata.com/js/nexttrain/nexttrain.html#B09|Forest Glen,https://www.wmata.com/rider-guide/stations/forest-glen.cfm,MetroStnFullPt_61,,{165DEB3C-D0B8-4759-BFBC-EAFC4915CE26},381,JLAY,2022/09/19 16:18:27+00,JLAY,2022/09/19 16:18:27+00,
-77.0310201199989,38.9939571798124,Silver Spring,"8400 COLESVILLE ROAD, SILVER SPRING, MD",red,https://www.wmata.com/js/nexttrain/nexttrain.html#B08|Silver%20Spring,https://www.wmata.com/rider-guide/stations/silver-spring.cfm,MetroStnFullPt_62,,{19F107AF-A8A6-4D31-9414-A50C0861A40E},382,JLAY,2022/09/19 16:18:27+00,JLAY,2022/09/19 16:18:27+00,
-76.9945365631974,38.9332187855283,Brookland-CUA,"890 MONROE STREET NE, WASHINGTON, DC",red,https://www.wmata.com/js/nexttrain/nexttrain.html#B05|Brookland-CUA,https://www.wmata.com/rider-guide/stations/brookland.cfm,MetroStnFullPt_63,316412,{EF6F8E72-08A4-40A6-B5AA-7DEF85525EA5},383,JLAY,2022/09/19 16:18:27+00,JLAY,2022/09/19 16:18:27+00,
-77.0022053584327,38.9518545652334,Fort Totten,"201 GALLOWAY STREET NE, WASHINGTON, DC","red, green,yellow","https://www.wmata.com/js/nexttrain/nexttrain.html#B06,E06|Fort Totten",https://www.wmata.com/rider-guide/stations/fort-totten.cfm,MetroStnFullPt_64,316355,{17F2219B-DB36-4FE9-8736-303987AA0FF2},384,JLAY,2022/09/19 16:18:27+00,JLAY,2022/09/19 16:18:27+00,
-76.9558837759004,38.9653932479519,Hyattsville Crossing,"3575 EAST WEST HIGHWAY, HYATTSVILLE, MD","green, yellow",https://www.wmata.com/js/nexttrain/nexttrain.html#E08|Prince%20George%27s%20Plaza,https://www.wmata.com/rider-guide/stations/hyattsville-xing.cfm,MetroStnFullPt_65,,{A29107EB-EDEE-4188-8E81-4D4BDDA13561},385,JLAY,2022/09/19 16:18:27+00,JLAY,2022/09/19 16:18:27+00,
-76.9695789467579,38.9550479702246,West Hyattsville,"2700 HAMILTON ST., HYATTSVILLE, MD","green, yellow",https://www.wmata.com/js/nexttrain/nexttrain.html#E07|West%20Hyattsville,https://www.wmata.com/rider-guide/stations/west-hyattsville.cfm,MetroStnFullPt_66,,{96FD7D3C-533E-4BAD-A542-3B546B821873},386,JLAY,2022/09/19 16:18:27+00,JLAY,2022/09/19 16:18:27+00,
-76.9383671261511,38.8909834637487,Benning Road,"4500 CENTRAL AVENUE NE, WASHINGTON, DC","blue, orange, silver",https://www.wmata.com/js/nexttrain/nexttrain.html#G01|Benning Road,https://www.wmata.com/rider-guide/stations/benning-rd.cfm,MetroStnFullPt_67,316344,{F5CA27DC-D209-42F0-906F-F9459A52BE17},387,JLAY,2022/09/19 16:18:27+00,JLAY,2022/09/19 16:18:27+00,
-76.8941101539901,38.886755605367,Addison Road Seat Pleasant,"100 ADDISON ROAD S., CAPITOL HEIGHTS, MD","blue, orange, silver",https://www.wmata.com/js/nexttrain/nexttrain.html#G03|Addison Road-Seat Pleasant,https://www.wmata.com/rider-guide/stations/addison-rd.cfm,MetroStnFullPt_68,,{0C7EF392-D03C-410E-A95E-666689721DF7},388,JLAY,2022/09/19 16:18:27+00,JLAY,2022/09/19 16:18:27+00,
-76.9352590411544,38.9081862878493,Deanwood,"4720 MINNESOTA AVENUE NE, WASHINGTON, DC",orange,https://www.wmata.com/js/nexttrain/nexttrain.html#D10|Deanwood,https://www.wmata.com/rider-guide/stations/deanwood.cfm,MetroStnFullPt_69,294855,{115D0C4C-4F37-4848-BFB8-FC2DDDE2E878},389,JLAY,2022/09/19 16:18:27+00,JLAY,2022/09/19 16:18:27+00,
-76.8718435273078,38.9477926575059,New Carrollton,"4700 GARDEN CITY DRIVE, NEW CARROLLTON, MD",orange,https://www.wmata.com/js/nexttrain/nexttrain.html#D13|New Carrollton,https://www.wmata.com/rider-guide/stations/new-carrollton.cfm,MetroStnFullPt_70,,{658ED827-F7B3-40C8-9C6A-7C9CFB87169B},390,JLAY,2022/09/19 16:18:27+00,JLAY,2022/09/19 16:18:27+00,
-76.8912002135252,38.9335140325296,Landover,"3000 PENNSY DRIVE, HYATTSVILLE, MD",orange,https://www.wmata.com/js/nexttrain/nexttrain.html#D12|Landover,https://www.wmata.com/rider-guide/stations/landover.cfm,MetroStnFullPt_71,,{FFD29946-8F8B-47A5-9F17-FD06D6E050A7},391,JLAY,2022/09/19 16:18:27+00,JLAY,2022/09/19 16:18:27+00,
-76.9166302968683,38.9166396483886,Cheverly,"5501 COLUMBIA PARK, CHEVERLY, MD 
",orange,https://www.wmata.com/js/nexttrain/nexttrain.html#D11|Cheverly,https://www.wmata.com/rider-guide/stations/cheverly.cfm,MetroStnFullPt_72,,{339FB4DA-A3F8-4719-AA52-031B1272A8E9},392,JLAY,2022/09/19 16:18:27+00,JLAY,2022/09/19 16:18:27+00,
-76.8445538708846,38.9006075165335,Downtown Largo," LARGO TOWN CENTER, 9000 LOTTSFORD ROAD, LARGO, MD","blue, orange, silver",https://www.wmata.com/js/nexttrain/nexttrain.html#G05|Largo Town Center,https://www.wmata.com/rider-guide/stations/downtown-largo.cfm,MetroStnFullPt_73,,{898C687D-59F8-4EF2-9531-F536EDAA0561},393,JLAY,2022/09/19 16:18:27+00,JLAY,2022/09/19 16:18:27+00,
-77.0030227264183,38.9070240007291,NoMa - Gallaudet U,"1301 2ND STREET NE, WASHINGTON, DC",red,https://www.wmata.com/js/nexttrain/nexttrain.html#B35|NoMa-Gallaudet U,https://www.wmata.com/rider-guide/stations/new-york-ave.cfm,MetroStnFullPt_74,316364,{8E692112-0620-49A9-836F-E6D1CF479FFF},394,JLAY,2022/09/19 16:18:27+00,JLAY,2022/09/19 16:18:27+00,
-77.0709109849919,38.8959868801064,Rosslyn,"1850 N. MOORE STREET, ARLINGTON, VA","blue, orange, silver",https://www.wmata.com/js/nexttrain/nexttrain.html#C05|Rosslyn,https://www.wmata.com/rider-guide/stations/rosslyn.cfm,MetroStnFullPt_75,,{E2C94C61-E18E-4ED0-9F15-E5BEC69D3EB2},395,JLAY,2022/09/19 16:18:27+00,JLAY,2022/09/19 16:18:27+00,
-77.0628124255369,38.8846946403712,Arlington|Cemetery,"1000 NORTH MEMORIAL DRIVE, ARLINGTON, VA",blue,https://www.wmata.com/js/nexttrain/nexttrain.html#C06|Arlington Cemetery,https://www.wmata.com/rider-guide/stations/arlington-cemetery.cfm,MetroStnFullPt_76,,{65038B81-9163-4C79-9E16-1E8C903C4125},396,JLAY,2022/09/19 16:18:27+00,JLAY,2022/09/19 16:18:27+00,
-77.0434166516056,38.9096058451658,Dupont Circle,"1525 20TH STREET NW, WASHINGTON, DC",red,https://www.wmata.com/js/nexttrain/nexttrain.html#A03|Dupont Circle,https://www.wmata.com/rider-guide/stations/dupont-circle.cfm,MetroStnFullPt_77,,{F453DF1C-8A7E-4ECE-9667-A796E809B71F},397,JLAY,2022/09/19 16:18:27+00,JLAY,2022/09/19 16:18:27+00,
-77.0537179660692,38.8694704803745,Pentagon,"2 SOUTH ROTARY ROAD, ARLINGTON, VA","blue, yellow",https://www.wmata.com/js/nexttrain/nexttrain.html#C07|Pentagon,https://www.wmata.com/rider-guide/stations/pentagon.cfm,MetroStnFullPt_78,,{1809FDF3-AF1F-4B0D-A986-969EF8747570},398,JLAY,2022/09/19 16:18:27+00,JLAY,2022/09/19 16:18:27+00,
-77.0502921005754,38.8579120973493,Crystal City,"1750 SOUTH CLARK ST., ARLINGTON, VA","blue, yellow",https://www.wmata.com/js/nexttrain/nexttrain.html#C09|Crystal City,https://www.wmata.com/rider-guide/stations/crystal-city.cfm,MetroStnFullPt_79,,{1E099B9E-EDEB-4F31-A5A6-9F8F485EFD09},399,JLAY,2022/09/19 16:18:27+00,JLAY,2022/09/19 16:18:27+00,
-77.0050879292944,38.8764888672489,Navy Yard - Ballpark,"1155 NEW JERSEY AVENUE SE, WASHINGTON, DC",green,https://www.wmata.com/js/nexttrain/nexttrain.html#F05|Navy Yard-Ballpark,https://www.wmata.com/rider-guide/stations/navy-yard.cfm,MetroStnFullPt_80,310434,{37EE846D-B21C-4E00-A7EF-DA36342F10D6},400,JLAY,2022/09/19 16:18:27+00,JLAY,2022/09/19 16:18:27+00,
-77.0336364604538,38.9013405831796,McPherson Sq,"1402 I STREET NW, WASHINGTON, DC","blue, orange, silver",https://www.wmata.com/js/nexttrain/nexttrain.html#C02|McPherson Square,https://www.wmata.com/rider-guide/stations/mcpherson-sq.cfm,MetroStnFullPt_81,316430,{480ADD14-BBA2-4FBC-A8AE-BBCFE80BD337},401,JLAY,2022/09/19 16:18:27+00,JLAY,2022/09/19 16:18:27+00,
-77.021913986205,38.9134846603419,Shaw-Howard Univ,"1801 7TH ST NW, WASHINGTON, DC","green, yellow",https://www.wmata.com/js/nexttrain/nexttrain.html#E02|Shaw-Howard%20U,https://www.wmata.com/rider-guide/stations/shaw-howard.cfm,MetroStnFullPt_82,310410,{A3577ACC-0450-432C-A3B6-93E72ABB02C3},402,JLAY,2022/09/19 16:18:27+00,JLAY,2022/09/19 16:18:27+00,
-76.9750564052962,38.841093556641,Southern Ave,"1411 SOUTHERN AVENUE, TEMPLE HILLS, MD",green,https://www.wmata.com/js/nexttrain/nexttrain.html#F08|Southern%20Avenue,https://www.wmata.com/rider-guide/stations/southern-ave.cfm,MetroStnFullPt_83,,{D7271547-6558-4608-8C5D-2F7E3EFC797E},403,JLAY,2022/09/19 16:18:27+00,JLAY,2022/09/19 16:18:27+00,
-76.9110598299777,39.0111536734921,Greenbelt,"5717 GREENBELT METRO DRIVE, GREENBELT, MD","green, yellow",https://www.wmata.com/js/nexttrain/nexttrain.html#E10|Greenbelt,https://www.wmata.com/rider-guide/stations/greenbelt.cfm,MetroStnFullPt_84,,{3D20BECF-FD7A-4DBF-ADA9-DF59E6421E23},404,JLAY,2022/09/19 16:18:27+00,JLAY,2022/09/19 16:18:27+00,
-77.0795896310761,38.9488592292971,Tenleytown-AU,"4501 WISCONSIN AVENUE NW, WASHINGTON, DC",red,https://www.wmata.com/js/nexttrain/nexttrain.html#A07|Tenleytown-AU,https://www.wmata.com/rider-guide/stations/tenleytown.cfm,MetroStnFullPt_85,294846,{79B7595F-B0D0-4012-829E-150DB5005CDD},405,JLAY,2022/09/19 16:18:27+00,JLAY,2022/09/19 16:18:27+00,
-77.1890971592787,38.900788331407,West Falls Church VT/UVA,"7040 HAYCOCK ROAD, FALLS CHURCH, VA",orange,https://www.wmata.com/js/nexttrain/nexttrain.html#K06|West%20Falls%20Church-VT/UVA,https://www.wmata.com/rider-guide/stations/west-falls-church.cfm,MetroStnFullPt_86,,{A9065B9D-409A-4360-AF08-830242425292},406,JLAY,2022/09/19 16:18:27+00,JLAY,2022/09/19 16:18:27+00,
-77.2271630195848,38.8836329114464,Dunn Loring Merrifield,"2700 GALLOWS ROAD, VIENNA, VA",orange,https://www.wmata.com/js/nexttrain/nexttrain.html#K07|Dunn Loring-Merrifield,https://www.wmata.com/rider-guide/stations/dunn-loring.cfm,MetroStnFullPt_87,,{8BB00B62-C1C5-4E7A-A760-2D78C1D151C5},407,JLAY,2022/09/19 16:18:27+00,JLAY,2022/09/19 16:18:27+00,
-77.2726246181647,38.8776088964297,Vienna Fairfax-GMU,"2900 NUTLEY ST., FAIRFAX, VA",orange,https://www.wmata.com/js/nexttrain/nexttrain.html#K08|Vienna/Fairfax-GMU,https://www.wmata.com/rider-guide/stations/vienna.cfm,MetroStnFullPt_88,,{B8F676CA-FEC8-488E-9646-88FC69142593},408,JLAY,2022/09/19 16:18:27+00,JLAY,2022/09/19 16:18:27+00,
-77.0849981129191,38.9594916697664,Friendship Heights,"5337 WISCONSIN AVENUE NW, WASHINGTON, DC",red,https://www.wmata.com/js/nexttrain/nexttrain.html#A08|Friendship Heights,https://www.wmata.com/rider-guide/stations/friendship-hghts.cfm,MetroStnFullPt_89,303188,{D847361A-1971-4F9F-AC41-217515EDA01C},409,JLAY,2022/09/19 16:18:27+00,JLAY,2022/09/19 16:18:27+00,
-77.0595412155326,38.8618901641242,Pentagon City,"1250 SOUTH HAYES ST., ARLINGTON, VA","blue, yellow",https://www.wmata.com/js/nexttrain/nexttrain.html#C08|Pentagon City,https://www.wmata.com/rider-guide/stations/pentagon-city.cfm,MetroStnFullPt_90,,{A94F3688-2272-46A9-9A44-775F3ADA0DF2},410,JLAY,2022/09/19 16:18:27+00,JLAY,2022/09/19 16:18:27+00,
-77.0281342845236,38.8931886567079,Federal Triangle,"350 12TH STREET NW, WASHINGTON, DC","blue, orange, silver",https://www.wmata.com/js/nexttrain/nexttrain.html#D01|Federal Triangle,https://www.wmata.com/rider-guide/stations/federal-triangle.cfm,MetroStnFullPt_91,316345,{9F311386-D2FD-43FE-9233-DDF87A431B68},411,JLAY,2022/09/19 16:18:27+00,JLAY,2022/09/19 16:18:27+00,
